INSERT INTO USERS (ID, USERNAME, EMAIL, PASSWORD, ROLE) VALUES (0, 'user', 'user@gmail.com', 'user', 'USER');
INSERT INTO USERS (ID, USERNAME, EMAIL, PASSWORD, ROLE) VALUES (1, 'major', 'major@gmail.com', 'major', 'MAJOR');
INSERT INTO USERS (ID, USERNAME, EMAIL, PASSWORD, ROLE) VALUES (2, 'boss', 'boss@gmail.com', 'boss', 'BOSS');
INSERT INTO USERS (ID, USERNAME, EMAIL, PASSWORD, ROLE) VALUES (3, 'admin', 'admin@gmail.com', 'admin', 'ADMIN');

INSERT INTO CITIES (ID, NAME) VALUES (0, 'Nagykanizsa');
INSERT INTO CITIES (ID, NAME) VALUES (1, 'Budapest');
INSERT INTO CITIES (ID, NAME) VALUES (2, 'Siófok');

INSERT INTO RESTAURANTS (ID, NAME, ADDRESS, CITY_ID) VALUES (0, 'Halaszcsarda', 'Fo ut 12', 0);
INSERT INTO RESTAURANTS (ID, NAME, ADDRESS, CITY_ID) VALUES (1, 'Trofea', 'Madach ter 4', 1);
INSERT INTO RESTAURANTS (ID, NAME, ADDRESS, CITY_ID) VALUES (2, 'Don Pepe', 'Petofi setany 3', 2);
INSERT INTO RESTAURANTS (ID, NAME, ADDRESS, CITY_ID) VALUES (3, 'Don Bosco', 'Petofi setany 45', 2);
INSERT INTO RESTAURANTS (ID, NAME, ADDRESS, CITY_ID) VALUES (4, 'Hemingway etterem', 'Kosztolanyi Dezso ter 5', 1);

INSERT INTO REVIEWS (ID, RATING, RESTAURANT_ID, USER_ID) VALUES (0, 4, 0, 0);
INSERT INTO REVIEWS (ID, RATING, RESTAURANT_ID, USER_ID) VALUES (1, 5, 1, 0);
INSERT INTO REVIEWS (ID, RATING, RESTAURANT_ID, USER_ID) VALUES (2, 3, 0, 1);
INSERT INTO REVIEWS (ID, RATING, RESTAURANT_ID, USER_ID) VALUES (3, 4, 2, 1);
INSERT INTO REVIEWS (ID, RATING, RESTAURANT_ID, USER_ID) VALUES (4, 5, 2, 2);
INSERT INTO REVIEWS (ID, RATING, RESTAURANT_ID, USER_ID) VALUES (5, 3, 1, 2);
INSERT INTO REVIEWS (ID, RATING, RESTAURANT_ID, USER_ID) VALUES (6, 5, 3, 0);
INSERT INTO REVIEWS (ID, RATING, RESTAURANT_ID, USER_ID) VALUES (7, 5, 4, 0);
INSERT INTO REVIEWS (ID, RATING, RESTAURANT_ID, USER_ID) VALUES (8, 3, 4, 1);


INSERT INTO MENUS (ID, TYPE, NAME, RESTAURANT_ID) VALUES (0, 'DRINK', 'Fanta', 1);
INSERT INTO MENUS (ID, TYPE, NAME, RESTAURANT_ID) VALUES (1, 'DRINK', 'Cola', 1);
INSERT INTO MENUS (ID, TYPE, NAME, RESTAURANT_ID) VALUES (2, 'DRINK', 'Sprite', 2);
INSERT INTO MENUS (ID, TYPE, NAME, RESTAURANT_ID) VALUES (3, 'DRINK', 'Cola', 2);
INSERT INTO MENUS (ID, TYPE, NAME, RESTAURANT_ID) VALUES (4, 'DRINK', 'Sprite', 3);
INSERT INTO MENUS (ID, TYPE, NAME, RESTAURANT_ID) VALUES (5, 'DRINK', 'Fanta', 4);
INSERT INTO MENUS (ID, TYPE, NAME, RESTAURANT_ID) VALUES (6, 'FOOD', 'Harcsaporkolt', 0);
INSERT INTO MENUS (ID, TYPE, NAME, RESTAURANT_ID) VALUES (7, 'FOOD', 'Tonhal', 4);
INSERT INTO MENUS (ID, TYPE, NAME, RESTAURANT_ID) VALUES (8, 'FOOD', 'Vadas', 1);
INSERT INTO MENUS (ID, TYPE, NAME, RESTAURANT_ID) VALUES (9, 'FOOD', 'Hawaii pizza', 2);
INSERT INTO MENUS (ID, TYPE, NAME, RESTAURANT_ID) VALUES (10, 'FOOD', 'Songoku pizza', 3);
INSERT INTO MENUS (ID, TYPE, NAME, RESTAURANT_ID) VALUES (11, 'FOOD', 'Betyar pizza', 3);

